id,category,top,ModelName,title,brand,price,color,description,photos,favorite
0,Motherboards," build a formidable gaming rig that rises above the rest.","ASUS X570-E","ASUS X570-E ROG Strix Gaming WiFi II AMD AM4 ATX Motherboard",ASUS,379.99,,"The ROG Strix X570-E Gaming WiFi II motherboard delivers the quintessential ROG experience. It is bristling with features such as new passive chipset cooling, WiFi 6E, plus improved overclocking and audio performance, along with DIY-friendly conveniences to help seasoned builders and beginners alike. With futuristic aesthetics complemented by onboard RGB illumination, the Strix X570-E Gaming WiFi II motherboard has everything you need to build a formidable gaming rig that rises above the rest.","[""https:\/\/90a1c75758623581b3f8-5c119c3de181c9857fcb2784776b17ef.ssl.cf2.rackcdn.com\/642838_332106_01_front_zoom.jpg"",""https:\/\/90a1c75758623581b3f8-5c119c3de181c9857fcb2784776b17ef.ssl.cf2.rackcdn.com\/642838_332106_02_front_zoom.jpg"",""https:\/\/90a1c75758623581b3f8-5c119c3de181c9857fcb2784776b17ef.ssl.cf2.rackcdn.com\/642838_332106_03_package_zoom.jpg"",""https:\/\/90a1c75758623581b3f8-5c119c3de181c9857fcb2784776b17ef.ssl.cf2.rackcdn.com\/642838_332106_03_package_zoom.jpg""]",0
1,Desktop," Business class performance, digital content creation","PowerSpec B684","PowerSpec B684 Desktop Computer",PowerSpec,649.99,,"Intel Core i5 10th Gen 10400 2.9GHz Processor
16GB DDR4-2666 RAM
500GB Solid State Drive
Intel UHD Graphics 630
Microsoft Windows 10 Pro
10/100/1000 Network
802.11ac Wireless
Bluetooth 4.1","[""https:\/\/90a1c75758623581b3f8-5c119c3de181c9857fcb2784776b17ef.ssl.cf2.rackcdn.com\/643945_344945_01_front_zoom.jpg"",""https:\/\/90a1c75758623581b3f8-5c119c3de181c9857fcb2784776b17ef.ssl.cf2.rackcdn.com\/643945_344945_03_front_zoom.jpg"",""https:\/\/90a1c75758623581b3f8-5c119c3de181c9857fcb2784776b17ef.ssl.cf2.rackcdn.com\/643945_344945_04_front_zoom.jpg"",""https:\/\/90a1c75758623581b3f8-5c119c3de181c9857fcb2784776b17ef.ssl.cf2.rackcdn.com\/643945_344945_06_package_zoom.jpg""]",0
2,Powers_Supplies," Platinum-certified efficiency,","Corsair HX1000","Corsair HX1000 1000 Watt 80 Plus Platinum ATX Fully Modular Power Supply",Corsair,279.99,,"The CORSAIR HX Series provides 80 PLUS PLATINUM efficiency, extremely tight voltage regulation and a Zero RPM Fan Mode, giving you virtually silent operation. CORSAIR HX series power supplies give you extremely tight voltage regulation, quiet operation, Platinum-certified efficiency, and a fully modular cable set. Built with all Japanese 105C capacitors, theyre a great choice for high performance PCs where reliability is essential.","[""https:\/\/90a1c75758623581b3f8-5c119c3de181c9857fcb2784776b17ef.ssl.cf2.rackcdn.com\/474184_255224_01_front_zoom.jpg"",""https:\/\/90a1c75758623581b3f8-5c119c3de181c9857fcb2784776b17ef.ssl.cf2.rackcdn.com\/474184_255224_02_front_zoom.jpg"",""https:\/\/90a1c75758623581b3f8-5c119c3de181c9857fcb2784776b17ef.ssl.cf2.rackcdn.com\/474184_255224_03_front_zoom.jpg"",""https:\/\/90a1c75758623581b3f8-5c119c3de181c9857fcb2784776b17ef.ssl.cf2.rackcdn.com\/474184_255224_04_package_zoom.jpg""]",0
3,Computer_Cases,"A perfect fit for high-end users","Fractal ATX Mid-Tower Computer Case","Fractal Design Torrent Tempered Glass ATX Mid-Tower Computer Case - Black",Fractal,279.99,Black,"The Torrent is built to maximize cooling potential straight out of the box. Main standouts include a brand-new component layout, the open front grille and five included fans, two of which are our 180 x 38 mm Dynamic PWM or Prisma RGB fans custom-made to achieve maximum air cooling while maintaining controlled noise levels. Enabling excellent cooling performance (with or without water-loops), the Torrent is a perfect fit for high-end users who want a case that can keep up with an ever-expanding market of hardware upgrades.","[""https:\/\/90a1c75758623581b3f8-5c119c3de181c9857fcb2784776b17ef.ssl.cf2.rackcdn.com\/646359_370403_01_front_zoom.jpg"",""https:\/\/90a1c75758623581b3f8-5c119c3de181c9857fcb2784776b17ef.ssl.cf2.rackcdn.com\/646359_370403_02_front_zoom.jpg"",""https:\/\/90a1c75758623581b3f8-5c119c3de181c9857fcb2784776b17ef.ssl.cf2.rackcdn.com\/646359_370403_06_front_zoom.jpg"",""https:\/\/90a1c75758623581b3f8-5c119c3de181c9857fcb2784776b17ef.ssl.cf2.rackcdn.com\/646359_370403_05_front_zoom.jpg""]",0
4,Desktop,"A powerful desktop ready for multithreaded performance","Dell Alienware Gaming PC","Dell Alienware Aurora Ryzen Edition R14 Gaming PC",Dell,2899.99,Black,"AMD Ryzen 9 5900X 3.7GHz Processor
NVIDIA GeForce RTX 3080 Ti 12GB GDDR6X
32GB DDR4-3466 RAM
1TB Solid State Drive
Microsoft Windows 11 Pro
10/100/1000 Network
MediaTek MT7921 Wi-Fi 6 (2x2) MIMO 802.11ax Wireless LAN and Bluetooth 5.2","[""https:\/\/90a1c75758623581b3f8-5c119c3de181c9857fcb2784776b17ef.ssl.cf2.rackcdn.com\/645700_362764_01_front_zoom.jpg"",""https:\/\/90a1c75758623581b3f8-5c119c3de181c9857fcb2784776b17ef.ssl.cf2.rackcdn.com\/645700_362764_07_package_zoom.jpg"",""https:\/\/90a1c75758623581b3f8-5c119c3de181c9857fcb2784776b17ef.ssl.cf2.rackcdn.com\/645700_362764_05_front_zoom.jpg"",""https:\/\/90a1c75758623581b3f8-5c119c3de181c9857fcb2784776b17ef.ssl.cf2.rackcdn.com\/645700_362764_07_package_zoom.jpg""]",0
5,Motherboards,"A robust power design","ASUS Z690-P Prime","ASUS Z690-P Prime WiFi DDR4 Intel LGA 1700 ATX Motherboard",ASUS,239.99,,"ASUS Prime series motherboards are expertly engineered to unleash the full potential of 12th Generation Intel processors. Boasting a robust power design, comprehensive cooling solutions and intelligent tuning options, Prime Z690-P WIFI D4 provides users and PC DIY builders a range of performance tuning options via intuitive software and firmware features.","[""https:\/\/90a1c75758623581b3f8-5c119c3de181c9857fcb2784776b17ef.ssl.cf2.rackcdn.com\/643440_336545_01_front_zoom.jpg"",""https:\/\/90a1c75758623581b3f8-5c119c3de181c9857fcb2784776b17ef.ssl.cf2.rackcdn.com\/643440_336545_02_front_zoom.jpg"",""https:\/\/90a1c75758623581b3f8-5c119c3de181c9857fcb2784776b17ef.ssl.cf2.rackcdn.com\/643440_336545_04_front_zoom.jpg"",""https:\/\/90a1c75758623581b3f8-5c119c3de181c9857fcb2784776b17ef.ssl.cf2.rackcdn.com\/643440_336545_05_package_zoom.jpg""]",0
6,Desktop,"AN EXCLUSIVE PLATINUM COLLECTION ITEM!","ASUS ROG Gaming PC","ASUS ROG Strix GA35 GA35DX-MB776 Gaming PC",ASUS,2149.99,Black,"AMD Ryzen 7 5800X 3.8GHz Processor
NVIDIA GeForce RTX 3070 8GB GDDR6
32GB DDR4-3200 LO-DIMM RAM
1TB Solid State Drive
Microsoft Windows 10 Pro
2x2 Wi-Fi 6 (802.11ax)+Bluetooth 5.0
240mm Liquid Cooler","[""https:\/\/90a1c75758623581b3f8-5c119c3de181c9857fcb2784776b17ef.ssl.cf2.rackcdn.com\/644238_347922_01_front_zoom.jpg"",""https:\/\/90a1c75758623581b3f8-5c119c3de181c9857fcb2784776b17ef.ssl.cf2.rackcdn.com\/644238_347922_03_front_zoom.jpg"",""https:\/\/90a1c75758623581b3f8-5c119c3de181c9857fcb2784776b17ef.ssl.cf2.rackcdn.com\/644238_347922_04_package_zoom.jpg"",""https:\/\/90a1c75758623581b3f8-5c119c3de181c9857fcb2784776b17ef.ssl.cf2.rackcdn.com\/644238_347922_04_front_zoom.jpg""]",0
7,Desktop,"An incredible experience playing the most demanding games in the market today!","PowerSpec G470","PowerSpec G470 Gaming PC",PowerSpec,2999.99,,"Intel Core i9 12th Gen 12900KF 3.7GHz Processor
NVIDIA GeForce RTX 3080 Ti 12GB GDDR6X
32GB DDR4-3600 RAM
1TB Solid State Drive
Microsoft Windows 10 Pro
10/100/1000 Network
2x2 Intel AX201 Wi-Fi 6
Bluetooth 5.0","[""https:\/\/90a1c75758623581b3f8-5c119c3de181c9857fcb2784776b17ef.ssl.cf2.rackcdn.com\/645171_358432_01_front_zoom.jpg"",""https:\/\/90a1c75758623581b3f8-5c119c3de181c9857fcb2784776b17ef.ssl.cf2.rackcdn.com\/645171_358432_03_front_zoom.jpg"",""https:\/\/90a1c75758623581b3f8-5c119c3de181c9857fcb2784776b17ef.ssl.cf2.rackcdn.com\/645171_358432_06_front_zoom.jpg"",""https:\/\/90a1c75758623581b3f8-5c119c3de181c9857fcb2784776b17ef.ssl.cf2.rackcdn.com\/645171_358432_07_package_zoom.jpg""]",0
8,Laptop,"Be dialed in all the time, everywhere and anywhere","Acer Chromebook 311","Acer Chromebook 311 CB311-9H-C12A 11.6"" Laptop Computer - Silver",Acer,179.99,Silver,"Intel Celeron N4000 Processor 1.1GHz
4GB LPDDR4 Onboard RAM
32GB eMMC Storage
Google Chrome OS
microSD Card Reader
Dual Band Intel Wireless-AC 9560
Bluetooth 5.0
11.6"" HD Widescreen ComfyView LED-backlit IPS Display","[""https:\/\/90a1c75758623581b3f8-5c119c3de181c9857fcb2784776b17ef.ssl.cf2.rackcdn.com\/623931_114520_01_front_zoom.jpg"",""https:\/\/90a1c75758623581b3f8-5c119c3de181c9857fcb2784776b17ef.ssl.cf2.rackcdn.com\/623931_114520_04_front_zoom.jpg"",""https:\/\/90a1c75758623581b3f8-5c119c3de181c9857fcb2784776b17ef.ssl.cf2.rackcdn.com\/623931_114520_05_front_zoom.jpg"",""https:\/\/90a1c75758623581b3f8-5c119c3de181c9857fcb2784776b17ef.ssl.cf2.rackcdn.com\/623931_114520_06_front_zoom.jpg""]",0
9,Powers_Supplies,"built for long-term usage and durability. ","EVGA SuperNOVA 750 GT","EVGA SuperNOVA 750 GT 750 Watt 80 Plus Gold ATX Fully Modular Power Suppl",EVGA,126.99,,"Introducing the EVGA SuperNOVA GT Series of power supplies - the newest addition to the outstanding line of EVGA Power Supplies. Featuring 80 Plus Gold certification, 100% Japanese capacitors, a fluid dynamic bearing fan, and a fully modular design, this power supply is built for long-term usage and durability. Building upon EVGA's line of 80 Plus Gold rated power supplies, the EVGA GT Series combines all these features at a great price.","[""https:\/\/90a1c75758623581b3f8-5c119c3de181c9857fcb2784776b17ef.ssl.cf2.rackcdn.com\/624764_127753_01_package_zoom.jpg"",""https:\/\/90a1c75758623581b3f8-5c119c3de181c9857fcb2784776b17ef.ssl.cf2.rackcdn.com\/624764_127753_02_front_zoom.jpg"",""https:\/\/90a1c75758623581b3f8-5c119c3de181c9857fcb2784776b17ef.ssl.cf2.rackcdn.com\/624764_127753_03_front_zoom.jpg"",""https:\/\/90a1c75758623581b3f8-5c119c3de181c9857fcb2784776b17ef.ssl.cf2.rackcdn.com\/624764_127753_04_front_zoom.jpg""]",0
10,Processors,"Cheap and Great","Intel Core i3-10105","Intel Core i3-10105 Comet Lake 3.7GHz Quad-Core LGA 1200 Boxed Processor - Intel Stock Cooler Included",Intel,89.99,,"The Core i3-10105 3.7 GHz Quad-Core LGA 1200 Processor from Intel has a base clock speed of 3.7 GHz and comes with features such as Intel Optane Memory support, Intel Boot Guard, Intel VT-d virtualization technology for directed I/O, and Intel Hyper-Threading technology. With Intel Turbo Boost 2.0, the maximum turbo frequency this processor can achieve is 4.4 GHz. Additionally, this processor features 4 cores with 8 threads in an LGA 1200 socket, has 6MB of cache memory, and 16 PCIe lanes. Having 4 cores allows the processor to run multiple programs simultaneously without slowing down the system, while the 8 threads allow a basic ordered sequence of instructions to be passed through or processed by a single CPU core. This processor also supports 128GB of dual-channel 2666 MHz DDR4 RAM and utilizes 10th-generation technology.","[""https:\/\/90a1c75758623581b3f8-5c119c3de181c9857fcb2784776b17ef.ssl.cf2.rackcdn.com\/636181_261461_01_front_zoom.jpg"",""https:\/\/90a1c75758623581b3f8-5c119c3de181c9857fcb2784776b17ef.ssl.cf2.rackcdn.com\/636181_261461_02_front_zoom.jpg"",""https:\/\/90a1c75758623581b3f8-5c119c3de181c9857fcb2784776b17ef.ssl.cf2.rackcdn.com\/636181_261461_03_front_zoom.jpg"",""https:\/\/90a1c75758623581b3f8-5c119c3de181c9857fcb2784776b17ef.ssl.cf2.rackcdn.com\/636181_261461_04_package_zoom.jpg""]",0
11,Memory,"Choose from four colors and outshine your competitors.","Corsair Vengeance LPX 32GB ","Corsair Vengeance LPX 32GB (2 x 16GB) DDR4-3200 PC4-25600 CL16 Dual Channel Desktop Memory Kit CMK32GX4M2E3200 - Black
4 NEW IN STOCK",Corsair,134.99,Black,"The VENGEANCE LPX DDR4 memory is designed for gamers and DIY enthusiasts seeking a compact performance memory solution. Equipped with an eight-layer PCB, highly-screened memory ICs, and efficient aluminum heat spreader, the VENGEANCE LPX DDR4 memory runs extremely fast on various motherboards and keeps high temperature at bay for superior overclocking headroom. Overclocking is safe and totally hassle-free, thanks to support for XMP 2.0. Choose from four colors and outshine your competitors.","[""https:\/\/90a1c75758623581b3f8-5c119c3de181c9857fcb2784776b17ef.ssl.cf2.rackcdn.com\/616299_046201_01_front_zoom.jpg"",""https:\/\/90a1c75758623581b3f8-5c119c3de181c9857fcb2784776b17ef.ssl.cf2.rackcdn.com\/616299_046201_02_front_zoom.jpg"",""https:\/\/90a1c75758623581b3f8-5c119c3de181c9857fcb2784776b17ef.ssl.cf2.rackcdn.com\/616299_046201_03_packaging_zoom.jpg"",""https:\/\/90a1c75758623581b3f8-5c119c3de181c9857fcb2784776b17ef.ssl.cf2.rackcdn.com\/616299_046201_02_front_zoom.jpg""]",0
12,Graphic_Cards,"designed for compact gaming builds","NVIDIA GeForce RTX 3060 Ti Graphics Card","ASUS NVIDIA GeForce RTX 3060 Ti V2 Mini LHR Overclocked Dual-Fan 8GB GDDR6 PCIe 4.0 Graphics Card",NVIDIA,499.99,Black,"The Dual GeForce RTX 3060 Ti MINI Graphics Card is designed for compact gaming builds and the Intel NUC 9. Features like the Axial-tech fan design, a custom 2-slot thermal solution, and Auto-Extreme Technology make the MINI an obvious choice for those who want an SFF system capable of rivalling the graphics performance of full-sized builds and burly desktops.","[""https:\/\/90a1c75758623581b3f8-5c119c3de181c9857fcb2784776b17ef.ssl.cf2.rackcdn.com\/641433_319236_01_front_zoom.jpg"",""https:\/\/90a1c75758623581b3f8-5c119c3de181c9857fcb2784776b17ef.ssl.cf2.rackcdn.com\/641433_219236_02_front_zoom.jpg"",""https:\/\/90a1c75758623581b3f8-5c119c3de181c9857fcb2784776b17ef.ssl.cf2.rackcdn.com\/641433_219236_03_front_zoom.jpg"",""https:\/\/90a1c75758623581b3f8-5c119c3de181c9857fcb2784776b17ef.ssl.cf2.rackcdn.com\/641433_319236_03_front_zoom.jpg""]",0
13,Memory,"Designed for complete protection and enhanced heat dissipation","TeamGroup T-FORCE VULCAN Z 64GB","TeamGroup T-FORCE VULCAN Z 64GB (2 x 32GB) DDR4-3200 PC4-25600 CL16 Dual Channel Desktop Memory Kit TLZGD464G3200H - Gray",TeamGroup,259.99,Gray,"Designed for complete protection and enhanced heat dissipation, the heat spreader is formed by punch press process with a 0.8mm thick, one-piece alloy aluminum to reinforce the body structure. In addition, the electrolytic anodizing process can enhance corrosion resistance and make it non-conductive. Moreover, the superconductive thermal adhesive can maintain gaming memory within operating temperatures.","[""https:\/\/90a1c75758623581b3f8-5c119c3de181c9857fcb2784776b17ef.ssl.cf2.rackcdn.com\/632930_226399_01_front_zoom.jpg"",""https:\/\/90a1c75758623581b3f8-5c119c3de181c9857fcb2784776b17ef.ssl.cf2.rackcdn.com\/632930_226399_02_front_zoom.jpg"",""https:\/\/90a1c75758623581b3f8-5c119c3de181c9857fcb2784776b17ef.ssl.cf2.rackcdn.com\/632930_226399_03_front_zoom.jpg"",""https:\/\/90a1c75758623581b3f8-5c119c3de181c9857fcb2784776b17ef.ssl.cf2.rackcdn.com\/632930_226399_04_package_zoom.jpg""]",0
14,Laptop,"Designed to keep you productive and entertained from anywhere","HP 15-dy2035tg","HP 15-dy2035tg 15.6"" Laptop Computer Refurbished - Silver",HP,329.99,Silver,"Intel Core i3 11th Gen 1125G4 2.0 Processor
8GB DDR4-2666 RAM
256GB Solid State Drive
Intel UHD Graphics
Microsoft Windows 10 Home (S mode)
Multi-Format SD Media Card Reader
2x2 802.11ac Wireless+Bluetooth 5.0 Combo
15.6"" Full HD Micro-Edge Anti-Glare Display","[""https:\/\/90a1c75758623581b3f8-5c119c3de181c9857fcb2784776b17ef.ssl.cf2.rackcdn.com\/640897_312322_01_front_zoom.jpg"",""https:\/\/90a1c75758623581b3f8-5c119c3de181c9857fcb2784776b17ef.ssl.cf2.rackcdn.com\/640897_312322_04_front_zoom.jpg"",""https:\/\/90a1c75758623581b3f8-5c119c3de181c9857fcb2784776b17ef.ssl.cf2.rackcdn.com\/640897_312322_05_front_zoom.jpg"",""https:\/\/90a1c75758623581b3f8-5c119c3de181c9857fcb2784776b17ef.ssl.cf2.rackcdn.com\/640897_312322_06_package_zoom.jpg""]",0
15,Laptop,"Draw more frames and win more games","ASUS ROG Strix SCAR 15","ASUS ROG Strix SCAR 15 G533ZW-XS96 15.6"" Gaming Laptop Computer Platinum Collection - Black",ASUS,2299.99,Black,"Intel Core i9 12th Gen 12900H 2.5GHz Processor
NVIDIA GeForce RTX 3070 Ti 8GB GDDR6
32GB DDR5-4800 RAM
1TB Solid State Drive
Microsoft Windows 11 Pro
10/100/1000/2500 Network
2x2 Wi-Fi 6E (802.11ax)+Bluetooth 5.2
15.6"" WQHD IPS-Level Anti-Glare 240Hz Display","[""https:\/\/90a1c75758623581b3f8-5c119c3de181c9857fcb2784776b17ef.ssl.cf2.rackcdn.com\/647016_376319_02_front_zoom.jpg"",""https:\/\/90a1c75758623581b3f8-5c119c3de181c9857fcb2784776b17ef.ssl.cf2.rackcdn.com\/647016_376319_05_front_zoom.jpg"",""https:\/\/90a1c75758623581b3f8-5c119c3de181c9857fcb2784776b17ef.ssl.cf2.rackcdn.com\/647016_376319_04_front_zoom.jpg"",""https:\/\/90a1c75758623581b3f8-5c119c3de181c9857fcb2784776b17ef.ssl.cf2.rackcdn.com\/647016_376319_06_package_zoom.jpg""]",0
16,Processors,"Encode faster. Render faster. Iterate faster.","AMD Ryzen 5 5600X","AMD Ryzen 5 5600X Vermeer 3.7GHz 6-Core AM4 Boxed Processor - Wraith Stealth Cooler Included",AMD,209.99,,"Get the high-speed gaming performance of the world's best desktop processor. Encode faster. Render faster. Iterate faster. Create more, faster with AMD Ryzen processor.","[""https:\/\/90a1c75758623581b3f8-5c119c3de181c9857fcb2784776b17ef.ssl.cf2.rackcdn.com\/630285_195073_01_front_zoom.jpg"",""https:\/\/90a1c75758623581b3f8-5c119c3de181c9857fcb2784776b17ef.ssl.cf2.rackcdn.com\/630285_195073_02_front_zoom.jpg"",""https:\/\/90a1c75758623581b3f8-5c119c3de181c9857fcb2784776b17ef.ssl.cf2.rackcdn.com\/630285_195073_03_front_zoom.jpg"",""https:\/\/90a1c75758623581b3f8-5c119c3de181c9857fcb2784776b17ef.ssl.cf2.rackcdn.com\/630285_195073_04_package_zoom.jpg""]",0
17,Keyboard_and_Mouse,"Ergonomic Designed Keyboard","Redragon S107 Gaming Keyboard and Mouse Combo","Redragon S107 Gaming Keyboard and Mouse Combo Large Mouse Pad Mechanical Feel RGB Backlit 3200 DPI Mouse for Windows PC (Keyboard Mouse Mousepad Set",Redragon,34.99,Black,"USB Keyboard and Mouse Combo Plus Mouse Pad the Redragon S107 Gaming Essential includes a 104 key RGB LED Backlit Mechanical Feel Gaming Keyboard, a RGB LED Backlit Gaming Mouse and a Large Gaming Mouse Pad
Ergonomic Redragon Multi Color RGB LED Backlit Computer Gaming Mouse with Breathing Mode. Up to 3200 DPI, 4000FPS, 10G ACC super-fast game engine 6 Buttons Gaming Mouse, 5 buttons of the Mouse are programmable
RGB Backlit Mechanical Feel Gaming Keyboard, Redragon LED RGB Keyboard, 7 colors, 6 backlight effects, 4 backlight brightness levels and adjustable breathing speed, the illumination can be completely turned off","[""https:\/\/m.media-amazon.com\/images\/I\/71Y4vKEFt1L._SL1500_.jpg"",""https:\/\/m.media-amazon.com\/images\/I\/71RgdPL14kL._SL1500_.jpg"",""https:\/\/m.media-amazon.com\/images\/I\/71gDfWjjV1L._SL1500_.jpg"",""https:\/\/m.media-amazon.com\/images\/I\/71xSZq3c08L._SL1500_.jpg""]",0
18,Desktop,"Essential business small form factor desktop","Dell OptiPlex 3080","Dell OptiPlex 3080 SFF Desktop Computer",Dell,739.99,,"Intel Core i5 10505 3.2GHz Processor
8GB DDR4-2400 RAM
256GB Solid State Drive
Intel UHD Graphics 630
Microsoft Windows 10 Pro
DVD±RW Drive
Microsoft Windows 10 Pro
10/100/1000 Network","[""https:\/\/90a1c75758623581b3f8-5c119c3de181c9857fcb2784776b17ef.ssl.cf2.rackcdn.com\/639247_295477_01_front_zoom.jpg"",""https:\/\/90a1c75758623581b3f8-5c119c3de181c9857fcb2784776b17ef.ssl.cf2.rackcdn.com\/639247_295477_03_front_zoom.jpg"",""https:\/\/90a1c75758623581b3f8-5c119c3de181c9857fcb2784776b17ef.ssl.cf2.rackcdn.com\/639247_295477_04_front_zoom.jpg"",""https:\/\/90a1c75758623581b3f8-5c119c3de181c9857fcb2784776b17ef.ssl.cf2.rackcdn.com\/639247_295477_05_package_zoom.jpg""]",0
19,Desktop,"Essential commercial micro form factor desktop","Dell OptiPlex 3080","Dell OptiPlex 3080 Micro Desktop Computer",Dell,669.99,,"Intel Core i5 10th Gen 10500T 2.3GHz Processor
8GB DDR4 RAM
256GB Solid State Drive
Intel UHD Graphics 630
Microsoft Windows 10 Pro
10/100/1000 Network
2x2 Intel Wi-Fi 6 AX200
Bluetooth 5.0","[""https:\/\/90a1c75758623581b3f8-5c119c3de181c9857fcb2784776b17ef.ssl.cf2.rackcdn.com\/639251_295436_01_front_zoom.jpg"",""https:\/\/90a1c75758623581b3f8-5c119c3de181c9857fcb2784776b17ef.ssl.cf2.rackcdn.com\/639251_295436_02_front_zoom.jpg"",""https:\/\/90a1c75758623581b3f8-5c119c3de181c9857fcb2784776b17ef.ssl.cf2.rackcdn.com\/639251_295436_04_package_zoom.jpg"",""https:\/\/90a1c75758623581b3f8-5c119c3de181c9857fcb2784776b17ef.ssl.cf2.rackcdn.com\/639251_295436_03_front_zoom.jpg""]",0
20,Laptop,"Everyday laptops for first-time users","Acer Aspire 5","Acer Aspire 5 A515-46-R3UB",Acer,369.99,Silver,"Powerful Productivity: AMD Ryzen 3 3350U delivers desktop-class performance and amazing battery life in a slim notebook. With Precision Boost, get up to 3.5GHz for your high-demand applications
Maximized Visuals: See even more on the stunning 15.6"" Full HD display with 82.58% screen-to-body, 16:9 aspect ratio and narrow bezels
Backlit Keyboard and Fingerprint Reader: Biometric fingerprint reader and Windows Hello sign-in options help keep your Acer PC secure
Internal Specifications: 4GB DDR4 on-board memory (1 slot available); 128GB NVMe solid-state drive storage (1 hard drive bay available) to store your files and media","[""https:\/\/m.media-amazon.com\/images\/I\/7189iXimfWL._AC_SL1500_.jpg"",""https:\/\/m.media-amazon.com\/images\/I\/717-6cnCAmL._AC_SL1500_.jpg"",""https:\/\/m.media-amazon.com\/images\/I\/81hf1300BkL._AC_SL1500_.jpg"",""https:\/\/m.media-amazon.com\/images\/I\/51b2xaZY4TL._AC_SL1500_.jpg""]",0
21,Laptop,"Everyday laptops for first-time users","Acer Nitro 5 Laptop","Acer Nitro 5 AN515-55-53E5 Gaming Laptop",Acer,799.99,Black,"Dominate the Game: With the 10th Gen Intel Core i5-10300H processor, your Nitro 5 is packed with incredible power for all your games
RTX, It's On: The latest NVIDIA GeForce RTX 3050 (4GB dedicated GDDR6 VRAM) is powered by award-winning architecture with new Ray Tracing Cores, Tensor Cores, and streaming multiprocessors support DirectX 12 Ultimate for the ultimate gaming performance
Visual Intensity: Explore game worlds in Full HD detail on the 15.6"" widescreen LED-backlit IPS display with 1920 x 1080 resolution, 144Hz refresh rate and 80% screen-to-body, 16:9 aspect ratio
Internal Specifications: 8GB DDR4 2933MHz Memory (2 DDR4 Slots Total, Maximum 32GB); 256GB NVMe SSD (2 x PCIe M.2 Slots, 1 x 2.5"" Hard Drive Bay Available)","[""https:\/\/m.media-amazon.com\/images\/I\/81bc8mA3nKL._AC_SL1500_.jpg"",""https:\/\/m.media-amazon.com\/images\/I\/81-ewHA1m9L._AC_SL1500_.jpg"",""https:\/\/m.media-amazon.com\/images\/I\/814WAVCvlrS._AC_SL1500_.jpg"",""https:\/\/m.media-amazon.com\/images\/I\/811527le2uS._AC_SL1500_.jpg""]",0
22,Laptop,"Everyday laptops for first-time users","Lenovo IdeaPad 5","Lenovo IdeaPad 5 15ITL05 15.6"" Laptop Computer - Grey",Lenovo,549.99,Grey,"Intel Core i5 11th Gen 1135G7 2.4GHz Processor
8GB DDR4-3200 Onboard RAM
512GB Solid State Drive
Intel Iris Xe Graphics
Microsoft Windows 11 Home
4-in-1 Card Reader
Wi-Fi 6 802.11ax 2x2+Bluetooth 5.1
15.6"" Full HD IPS Anti-Glare Display","[""https:\/\/90a1c75758623581b3f8-5c119c3de181c9857fcb2784776b17ef.ssl.cf2.rackcdn.com\/647573_382150_01_front_zoom.jpg"",""https:\/\/p2-ofp.static.pub\/fes\/cms\/2021\/07\/20\/o8spcq6hxllensps5v9va65il6ijij749167.png"",""https:\/\/p2-ofp.static.pub\/fes\/cms\/2021\/07\/20\/fng1qkyghn7cemc6pbm5i9fvbbqkbz995081.png"",""https:\/\/p3-ofp.static.pub\/fes\/cms\/2021\/07\/20\/qna4x064yqdwil09hh3r3vbgxs4yuo336048.png""]",0
23,Keyboard_and_Mouse,"Extreme responsiveness during PC Gaming or Computer editing","Redragon M987 Gaming Mouse","Redragon M987 Lightweight Honeycomb Gaming Mouse RGB Backlit Wired 6 Buttons Programmable with 12400 DPI for Windows PC Computer",Redragon,49.99,RGB,"Lightweight Wired PC Gaming Mouse; The Honeycomb shell is engineered to decrease weight, increase comfort, and boost performance, translating to longer, more precise gameplay without fatigue
RGB Backlit Programmable Gaming Mouse with 6 programmable Buttons, 5 different user modes and multiple backlighting effects
Ergonomic Gamer Mouse with up to 12400 DPI and 30G acceleration. The ergonomic shape fits naturally in your hand. The Gaming Grade High-Precision Sensor delivers Pinpoint Accuracy and extreme responsiveness during PC Gaming or Computer editing","[""https:\/\/m.media-amazon.com\/images\/I\/71XB-cCMrmL._AC_SL1500_.jpg"",""https:\/\/m.media-amazon.com\/images\/I\/61kZCY7XHGL._AC_SL1500_.jpg"",""https:\/\/m.media-amazon.com\/images\/I\/61Azro0jeNL._AC_SL1500_.jpg"",""https:\/\/m.media-amazon.com\/images\/I\/61WRKVnjl-L._AC_SL1500_.jpg""]",0
24,Monitors,"Game for longer periods of time without eye-fatigue.","MSI Optix G32CQ4","MSI Optix G32CQ4 31.5"" 2K WQHD (2560 x 1440) 165Hz Wide Curved Screen Gaming Monitor",MSI,279.96,,"FreeSync
HDR
HDMI DisplayPort
3-Sided Frameless
Optix monitors use a curved display panel that has a curvature rate of R1500, which is the most comfortable and suitable for a wide range of applications from general computing to gaming. Equipped with a 165Hz refresh rate and 1ms response time VA panel which has the most benefit in fast moving game genres such as first person shooters, fighters, racing sims, real-time strategy, and sports. With a super narrow bezel, enjoy the best immersion possible in the latest games with a multi-monitor 180 degree setup. Enjoy better continuity between screens while playing games, working, or general computing. By having a large viewing angle, MSI gaming monitors has more leeway for placing your monitor in your setup without giving up the optimal viewing experience. Optix monitors are optimized to produce less amount of blue light displayed by the monitor, so that you can game for longer periods of time without eye-fatigue.","[""https:\/\/90a1c75758623581b3f8-5c119c3de181c9857fcb2784776b17ef.ssl.cf2.rackcdn.com\/636600_266015_01_front_zoom.jpg"",""https:\/\/90a1c75758623581b3f8-5c119c3de181c9857fcb2784776b17ef.ssl.cf2.rackcdn.com\/636600_266015_02_front_zoom.jpg"",""https:\/\/90a1c75758623581b3f8-5c119c3de181c9857fcb2784776b17ef.ssl.cf2.rackcdn.com\/636600_266015_03_front_zoom.jpg"",""https:\/\/90a1c75758623581b3f8-5c119c3de181c9857fcb2784776b17ef.ssl.cf2.rackcdn.com\/636600_266015_04_front_zoom.jpg""]",0
25,Processors,"Get the high-speed gaming performance ","AMD Ryzen 7 5800X","AMD Ryzen 7 5800X Vermeer 3.8GHz 8-Core AM4 Boxed Processor - Heatsink Not Included",AMD,319.99,,"Get the high-speed gaming performance of the world's best desktop processor. Encode faster. Render faster. Iterate faster. Create more, faster with AMD Ryzen processor.","[""https:\/\/90a1c75758623581b3f8-5c119c3de181c9857fcb2784776b17ef.ssl.cf2.rackcdn.com\/630284_195081_01_front_zoom.jpg"",""https:\/\/90a1c75758623581b3f8-5c119c3de181c9857fcb2784776b17ef.ssl.cf2.rackcdn.com\/630284_195081_02_front_zoom.jpg"",""https:\/\/90a1c75758623581b3f8-5c119c3de181c9857fcb2784776b17ef.ssl.cf2.rackcdn.com\/630284_195081_03_front_zoom.jpg"",""https:\/\/90a1c75758623581b3f8-5c119c3de181c9857fcb2784776b17ef.ssl.cf2.rackcdn.com\/630284_195081_04_package_zoom.jpg""]",0
26,Graphic_Cards,"Heavyweight graphics performance in a compact build.","ASUS NVIDIA GeForce RTX 3050","ASUS NVIDIA GeForce RTX 3050 Dual Overclocked Dual Fan 8GB GDDR6 PCIe 4.0 Graphics Card",NVIDIA,379.99,,"Featuring the latest NVIDIA Ampere architecture, ASUS Dual GeForce RTX 3050 fuses dynamic thermal performance with broad compatibility. Advanced cooling solutions from flagship graphics cards - including two Axial-tech fans for maximizing airflow to the heatsink - are packed into the 20 cm long, 2-slot card, delivering more power in less space. These enhancements make ASUS Dual the perfect choice for gamers who want heavyweight graphics performance in a compact build.","[""https:\/\/90a1c75758623581b3f8-5c119c3de181c9857fcb2784776b17ef.ssl.cf2.rackcdn.com\/646748_373498_01_front_zoom.jpg"",""https:\/\/90a1c75758623581b3f8-5c119c3de181c9857fcb2784776b17ef.ssl.cf2.rackcdn.com\/646748_373498_04_front_zoom.jpg"",""https:\/\/90a1c75758623581b3f8-5c119c3de181c9857fcb2784776b17ef.ssl.cf2.rackcdn.com\/646748_373498_05_front_zoom.jpg"",""https:\/\/90a1c75758623581b3f8-5c119c3de181c9857fcb2784776b17ef.ssl.cf2.rackcdn.com\/646748_373498_06_package_zoom.jpg""]",0
27,Desktop,"iBUYPOWER is the ideal shop for you","IBuyPower  Gaming PC","IBuyPower SlateMono 237i MC Gaming PC",iBUYPOWER,1999.99,Black,"Intel Core i7 12th Gen 12700KF 3.6GHz Processor
NVIDIA GeForce RTX 3070Ti
16GB DDR4-3200 RAM
1TB Solid State Drive
Microsoft Windows 11 Pro
Wi-Fi 6
Bluetooth 5.2
240MM Liquid Cooling","[""https:\/\/90a1c75758623581b3f8-5c119c3de181c9857fcb2784776b17ef.ssl.cf2.rackcdn.com\/646744_373647_01_front_zoom.jpg"",""https:\/\/90a1c75758623581b3f8-5c119c3de181c9857fcb2784776b17ef.ssl.cf2.rackcdn.com\/646744_373647_04_front_zoom.jpg"",""https:\/\/90a1c75758623581b3f8-5c119c3de181c9857fcb2784776b17ef.ssl.cf2.rackcdn.com\/646744_373647_05_front_zoom.jpg"",""https:\/\/90a1c75758623581b3f8-5c119c3de181c9857fcb2784776b17ef.ssl.cf2.rackcdn.com\/646744_373647_06_package_zoom.jpg""]",0
28,Graphic_Cards,"If you can find it in stock it's for free:-p","MSI NVIDIA GeForce GTX 1660","MSI NVIDIA GeForce GTX 1660 Super Ventus XS Overclocked Dual-Fan 6GB GDDR6 PCIe 3.0 Graphics Card",NVIDIA,359.99,,"Featuring concurrent execution of floating point and integer operations, adaptive shading technology, and a new unified memory architecture with twice the cache of its predecessor, Turing shaders enable awesome performance increases on todays games. Get 1.4X power efficiency over previous generation for a faster, cooler, and quieter gaming experience.","[""https:\/\/90a1c75758623581b3f8-5c119c3de181c9857fcb2784776b17ef.ssl.cf2.rackcdn.com\/616156_042036_01_front_zoom.jpg"",""https:\/\/90a1c75758623581b3f8-5c119c3de181c9857fcb2784776b17ef.ssl.cf2.rackcdn.com\/616156_042036_04_package_zoom.jpg"",""https:\/\/90a1c75758623581b3f8-5c119c3de181c9857fcb2784776b17ef.ssl.cf2.rackcdn.com\/616156_042036_02_front_zoom.jpg"",""https:\/\/90a1c75758623581b3f8-5c119c3de181c9857fcb2784776b17ef.ssl.cf2.rackcdn.com\/616156_042036_03_front_zoom.jpg""]",0
29,Graphic_Cards,"If you can find it in stock it's for free:-p","MSI NVIDIA GeForce GTX 1050 Ti","MSI NVIDIA GeForce GTX 1050 Ti Overclocked Dual-Fan 4GB GDDR5 PCIe 3.0 Graphics Card",NVIDIA,199.99,,"Get Game Ready with GeForce GTX. GeForce GTX graphics cards are the most advanced ever created. Discover unprecedented performance, power efficiency, and next-generation gaming experiences.","[""https:\/\/90a1c75758623581b3f8-5c119c3de181c9857fcb2784776b17ef.ssl.cf2.rackcdn.com\/632714_222364_01_front_zoom.jpg"",""https:\/\/90a1c75758623581b3f8-5c119c3de181c9857fcb2784776b17ef.ssl.cf2.rackcdn.com\/632714_222364_02_front_zoom.jpg"",""https:\/\/90a1c75758623581b3f8-5c119c3de181c9857fcb2784776b17ef.ssl.cf2.rackcdn.com\/632714_222364_03_front_zoom.jpg"",""https:\/\/90a1c75758623581b3f8-5c119c3de181c9857fcb2784776b17ef.ssl.cf2.rackcdn.com\/632714_222364_04_package_zoom.jpg""]",0
30,SSDs,"inject new life into your laptop or desktop PC","Inland Professional 512GB SSD","Inland Professional 512GB SSD 3D TLC NAND SATA 3.0 6 GBps 2.5 Inch 7mm Internal Solid State Drive",Inland,47.99,,"Get SSD speeds and inject new life into your laptop or desktop PC with a solid state drive from Inland Professional. With a fast, reliable Inland Professional SSD, you will experience quicker bootup and shutdown, and quicker application response and data transfer speeds than with a typical hard disk drive without purchasing a new computer.

SSD Capacity 512GB
Ideal for mainstream PCs, laptops, and ultrabooks for personal, gaming, and business use
Sequential Read/Write Speed up to 520MB/s and 450MB/s respectively
Random Read/Write 4K: up to 60,000 and 55,000 IOPS respectively
SATA III 6Gb/s interface, faster bootup, shutdown, application loading, and file transfer
3D TLC NAND flash, resistant to shock, vibration, and movement - no overheating, no noise
Performance may vary based on system hardware and configuration","[""https:\/\/90a1c75758623581b3f8-5c119c3de181c9857fcb2784776b17ef.ssl.cf2.rackcdn.com\/623042_103937_01_front_zoom.jpg"",""https:\/\/90a1c75758623581b3f8-5c119c3de181c9857fcb2784776b17ef.ssl.cf2.rackcdn.com\/623042_103937_02_front_zoom.jpg"",""https:\/\/90a1c75758623581b3f8-5c119c3de181c9857fcb2784776b17ef.ssl.cf2.rackcdn.com\/623042_103937_03_front_zoom.jpg"",""https:\/\/90a1c75758623581b3f8-5c119c3de181c9857fcb2784776b17ef.ssl.cf2.rackcdn.com\/623042_103937_04_package_zoom.jpg""]",0
31,Computer_Cases,"it's cheap what else would ask for","Montech X1","Montech X1 Tempered Glass ATX Mid-Tower Computer Case - Black",Montech,56.99,Black,"AirFlow is maximized by incorporating mesh front panel, top panel ventilation, and rear exhaust. Pre-installed rainbow LED fan 4 make your system cool and beautiful. Note: Fans are fixed light and not controllable when boots up. Full transparent tempered glass side panel that can showcase your build.","[""https:\/\/90a1c75758623581b3f8-5c119c3de181c9857fcb2784776b17ef.ssl.cf2.rackcdn.com\/643497_340034_01_front_zoom.jpg"",""https:\/\/90a1c75758623581b3f8-5c119c3de181c9857fcb2784776b17ef.ssl.cf2.rackcdn.com\/643497_340034_02_front_zoom.jpg"",""https:\/\/90a1c75758623581b3f8-5c119c3de181c9857fcb2784776b17ef.ssl.cf2.rackcdn.com\/643497_340034_03_front_zoom.jpg"",""https:\/\/90a1c75758623581b3f8-5c119c3de181c9857fcb2784776b17ef.ssl.cf2.rackcdn.com\/643497_340034_04_front_zoom.jpg""]",0
32,Cooling,"it's CORSAIR  it's gotta be good","Corsair iCUE H100i","Corsair iCUE H100i RGB Pro XT 240mm Water Cooling Kit
",Corsair,129.99,,"The CORSAIR iCUE H100i RGB PRO XT is an all-in-one liquid CPU cooler built for both low noise operation and extreme CPU cooling, with a 240mm radiator, two CORSAIR ML120 PWM fans, and 16 RGB LEDs.","[""https:\/\/90a1c75758623581b3f8-5c119c3de181c9857fcb2784776b17ef.ssl.cf2.rackcdn.com\/617540_071530_01_front_zoom.jpg"",""https:\/\/90a1c75758623581b3f8-5c119c3de181c9857fcb2784776b17ef.ssl.cf2.rackcdn.com\/617540_071530_02_front_zoom.jpg"",""https:\/\/90a1c75758623581b3f8-5c119c3de181c9857fcb2784776b17ef.ssl.cf2.rackcdn.com\/617540_071530_03_front_zoom.jpg"",""https:\/\/90a1c75758623581b3f8-5c119c3de181c9857fcb2784776b17ef.ssl.cf2.rackcdn.com\/617540_071530_04_front_zoom.jpg""]",0
33,Cooling,"it's CORSAIR  it's gotta be good","Corsair iCUE H150i","Corsair iCUE H150i ELITE CAPELLIX 360mm RGB Water Cooling Kit - Whitz",Corsair,209.99,White,"The CORSAIR iCUE H150i ELITE CAPELLIX Liquid CPU Cooler delivers powerful, low-noise cooling for your CPU, with a 360mm radiator, three CORSAIR ML120 RGB PWM fans, and an ultra-bright CAPELLIX RGB pump head.","[""https:\/\/90a1c75758623581b3f8-5c119c3de181c9857fcb2784776b17ef.ssl.cf2.rackcdn.com\/632326_222778_01_front_zoom.jpg"",""https:\/\/90a1c75758623581b3f8-5c119c3de181c9857fcb2784776b17ef.ssl.cf2.rackcdn.com\/632326_222778_03_front_zoom.jpg"",""https:\/\/90a1c75758623581b3f8-5c119c3de181c9857fcb2784776b17ef.ssl.cf2.rackcdn.com\/632326_222778_04_front_zoom.jpg"",""https:\/\/90a1c75758623581b3f8-5c119c3de181c9857fcb2784776b17ef.ssl.cf2.rackcdn.com\/632326_222778_02_front_zoom.jpg""]",0
34,Memory,"Light up your PC with mesmerizing dynamic multi-zone RGB lighting","Corsair VENGEANCE RGB PRO 16GB","Corsair VENGEANCE RGB PRO 16GB (2 x 8GB) DDR4-3600 PC4-28800 CL16 Dual Channel Desktop Memory Kit CMW16GX4M2D36K1 - Black",Corsair,96.99,Black,"CORSAIR VENGEANCE RGB PRO Series DDR4 memory lights up your PC with mesmerizing dynamic multi-zone RGB lighting, while delivering the best in DDR4 performance and stability. Every module boasts ten individually controlled RGB LEDs, while wire-free design makes installation simple. Take control with CORSAIR iCUE software and completely customize every modules lighting to match your system, or easily synchronize lighting across all your CORSAIR products with Light LINK. A custom designed PCB provides the highest signal quality for the best level of performance and stability on the latest AMD and Intel DDR4 motherboards, while specially screened ICs unlock superior overclocking.","[""https:\/\/90a1c75758623581b3f8-5c119c3de181c9857fcb2784776b17ef.ssl.cf2.rackcdn.com\/632254_216556_01_front_zoom.jpg"",""https:\/\/90a1c75758623581b3f8-5c119c3de181c9857fcb2784776b17ef.ssl.cf2.rackcdn.com\/632254_216556_02_front_zoom.jpg"",""https:\/\/90a1c75758623581b3f8-5c119c3de181c9857fcb2784776b17ef.ssl.cf2.rackcdn.com\/632254_216556_01_front_zoom.jpg"",""https:\/\/90a1c75758623581b3f8-5c119c3de181c9857fcb2784776b17ef.ssl.cf2.rackcdn.com\/632254_216556_02_front_zoom.jpg""]",0
35,Cooling,"Low-noise cooling for your CPU","Corsair iCUE H100i","Corsair iCUE H100i ELITE CAPELLIX 240mm RGB Water Cooling Kit",Corsair,164.99,,"The CORSAIR iCUE H100i ELITE CAPELLIX Liquid CPU Cooler delivers powerful, low-noise cooling for your CPU, with a 240mm radiator, two CORSAIR ML120 RGB PWM fans, and an ultra-bright CAPELLIX RGB pump head.","[""https:\/\/90a1c75758623581b3f8-5c119c3de181c9857fcb2784776b17ef.ssl.cf2.rackcdn.com\/627101_187856_01_front_zoom.jpg"",""https:\/\/90a1c75758623581b3f8-5c119c3de181c9857fcb2784776b17ef.ssl.cf2.rackcdn.com\/627101_187856_03_front_zoom.jpg"",""https:\/\/90a1c75758623581b3f8-5c119c3de181c9857fcb2784776b17ef.ssl.cf2.rackcdn.com\/627101_187856_04_front_zoom.jpg"",""https:\/\/90a1c75758623581b3f8-5c119c3de181c9857fcb2784776b17ef.ssl.cf2.rackcdn.com\/627101_187856_07_front_zoom.jpg""]",0
36,Powers_Supplies,"Made for gamers","MAINGEAR IGNITION 1200 Watt 80 Plus","MAINGEAR IGNITION 1200 Watt 80 Plus Platinum ATX Fully Modular Power Supply","MAINGEAR IGNITION",199.99,,"Made for gamers with an aggressive design and replaceable side decals to personalize the look of your system. A massive 100 Amp single rail designed with power hungry GPUs in mind and consistently provides reliable power even during heavy conditions. Run your PC in complete silence with ECO Mode, which deactivates the fan until a higher load and temperature is achieved. 80 PLUS Platinum Certified: The 80 PLUS Platinum certified power supply provides ultra-high power efficiency with 92% or higher under typical loads, saving your money on your electrical bill, reducing heat in your computer's system and prolonging its life. Comprehensive Protection: Over Current/Voltage/Power/Temperature Protection, Under Voltage Protection, and Short Circuit Protection provide maximum safety to your critical system components. Fully Modular Cable Design: The fully modular cable design allows use of only the cables you need for reduced system clutter and improved air flow.","[""https:\/\/90a1c75758623581b3f8-5c119c3de181c9857fcb2784776b17ef.ssl.cf2.rackcdn.com\/607445_943613_01_front_zoom.jpg"",""https:\/\/90a1c75758623581b3f8-5c119c3de181c9857fcb2784776b17ef.ssl.cf2.rackcdn.com\/607445_943613_02_front_zoom.jpg"",""https:\/\/90a1c75758623581b3f8-5c119c3de181c9857fcb2784776b17ef.ssl.cf2.rackcdn.com\/607445_943613_03_front_zoom.jpg"",""https:\/\/90a1c75758623581b3f8-5c119c3de181c9857fcb2784776b17ef.ssl.cf2.rackcdn.com\/607445_943613_04_package_zoom.jpg""]",0
37,Monitors,"made for video calls","Dell S24","Dell S2422HZ 24"" Full HD (1920 x 1080) 75Hz LED Monito",Dell,299.99,,"FreeSync
HDMI DisplayPort
Webcam
Microphone
A 23.8? FHD monitor made for video calls with a built-in pop-up camera, noise-canceling microphones, and dual 5W speakers. Hanging out virtually with friends, family and co-workers gets an upgrade, thanks to this monitors built-in camera, noise-canceling microphones, and dual 5W speakers. Youll enjoy amazing video clarity and crystal-clear sound. Versatile USB-C connectivity delivers video, audio, and data, and charges your laptop with up to 65 watts of power (even when the monitor is off) with the Always On Power Delivery feature. Plus, with just one cord, you'll have a clutter-free desk space. A super clear 5MP IR pop-up camera features facial recognition through Windows Hello for convenient, instant sign-on to Windows. The best part? The camera stays hidden until you're ready for video chatting or selfies. A height-adjustable stand and a monitor that tilts, swivels and pivots so you look your best and feel your best for all-day conferencing. Turn your monitor into the perfect entertainment center, with the help of 2 x 5W integrated speakers.","[""https:\/\/90a1c75758623581b3f8-5c119c3de181c9857fcb2784776b17ef.ssl.cf2.rackcdn.com\/643477_338400_01_front_zoom.jpg"",""https:\/\/90a1c75758623581b3f8-5c119c3de181c9857fcb2784776b17ef.ssl.cf2.rackcdn.com\/643477_338400_02_front_zoom.jpg"",""https:\/\/90a1c75758623581b3f8-5c119c3de181c9857fcb2784776b17ef.ssl.cf2.rackcdn.com\/643477_338400_03_front_zoom.jpg"",""https:\/\/90a1c75758623581b3f8-5c119c3de181c9857fcb2784776b17ef.ssl.cf2.rackcdn.com\/643477_338400_04_front_zoom.jpg""]",0
38,Processors,"Optimized for enthusiast gamers and serious creators","Intel Core i9-12900K","Intel Core i9-12900K Alder Lake 3.2GHz Sixteen-Core LGA 1700 Boxed Processor - Heatsink Not Included",Intel,549.99,,"12th Gen Intel Core i9-12900K unlocked desktop processor. Featuring Intel Turbo Boost Max Technology 3.0 and PCIe Gen 5.0 & 4.0 support, DDR5 and DDR4 support, unlocked 12th Gen Intel Core desktop processors are optimized for enthusiast gamers and serious creators and help deliver high performance overclocking for an added boost. Thermal solution NOT included in the box. Compatible with 600 series chipset based motherboards.","[""https:\/\/90a1c75758623581b3f8-5c119c3de181c9857fcb2784776b17ef.ssl.cf2.rackcdn.com\/641915_326694_01_front_zoom.jpg"",""https:\/\/90a1c75758623581b3f8-5c119c3de181c9857fcb2784776b17ef.ssl.cf2.rackcdn.com\/641915_326694_02_front_zoom.jpg"",""https:\/\/90a1c75758623581b3f8-5c119c3de181c9857fcb2784776b17ef.ssl.cf2.rackcdn.com\/641915_326694_03_front_zoom.jpg"",""https:\/\/90a1c75758623581b3f8-5c119c3de181c9857fcb2784776b17ef.ssl.cf2.rackcdn.com\/641915_326694_04_package_zoom.jpg""]",0
39,Processors,"Optimized for productivity, gaming, and overclocking","Intel Core i5-12600K","Intel Core i5-12600K Alder Lake 3.7GHz Ten-Core LGA 1700 Boxed Processor - Heatsink Not Included",Intel,249.99,,"12th Gen Intel Core i5-12600K unlocked desktop processor. Featuring PCIe Gen 5.0 & 4.0 support, DDR5 & DDR4 support, unlocked 12th Gen Intel Core desktop processors are optimized for productivity, gaming, and overclocking. Thermal solution NOT included in the box. Compatible with 600 series chipset based motherboards.","[""https:\/\/90a1c75758623581b3f8-5c119c3de181c9857fcb2784776b17ef.ssl.cf2.rackcdn.com\/641920_326678_01_front_zoom.jpg"",""https:\/\/90a1c75758623581b3f8-5c119c3de181c9857fcb2784776b17ef.ssl.cf2.rackcdn.com\/641920_326678_02_front_zoom.jpg"",""https:\/\/90a1c75758623581b3f8-5c119c3de181c9857fcb2784776b17ef.ssl.cf2.rackcdn.com\/641920_326678_03_front_zoom.jpg"",""https:\/\/90a1c75758623581b3f8-5c119c3de181c9857fcb2784776b17ef.ssl.cf2.rackcdn.com\/641920_326678_04_package_zoom.jpg""]",0
40,Monitors,"Perfect for playing games and watching movies","ASUS XG349C","ASUS XG349C 34.1"" 2WQHD (3440 x 1440) 180Hz UltraWide Curved Screen Gaming Monitor",ASUS,799.99,,"G-Sync Compatible
HDR
HDMI DisplayPort USB Type-C
Blue Light Filter
Flicker-Free
Perfect for playing games and watching movies, the ROG Strix XG349C curved gaming monitor features a 34-inch ultra-wide Fast IPS panel with a 180Hz refresh rate and 1ms response time for an immersive experience. Enjoy ELMB Sync technology, which enables motion blur reduction and G-SYNC compatible technology to be used simultaneously.","[""https:\/\/90a1c75758623581b3f8-5c119c3de181c9857fcb2784776b17ef.ssl.cf2.rackcdn.com\/646611_372201_01_front_zoom.jpg"",""https:\/\/90a1c75758623581b3f8-5c119c3de181c9857fcb2784776b17ef.ssl.cf2.rackcdn.com\/646611_372201_02_front_zoom.jpg"",""https:\/\/90a1c75758623581b3f8-5c119c3de181c9857fcb2784776b17ef.ssl.cf2.rackcdn.com\/646611_372201_03_front_zoom.jpg"",""https:\/\/90a1c75758623581b3f8-5c119c3de181c9857fcb2784776b17ef.ssl.cf2.rackcdn.com\/646611_372201_04_front_zoom.jpg""]",0
41,Graphic_Cards,"powerful in every way imaginable","NVIDIA GeForce RTX 3090  Graphics Card","EVGA NVIDIA GeForce RTX 3090 FTW3 Ultra Triple-Fan 24GB GDDR6X PCIe 4.0 Graphics Card",NVIDIA,1919.99,Black,"The EVGA GeForce RTX 3090 is colossally powerful in every way imaginable, giving you a whole new tier of performance at 8K resolution. It's powered by the NVIDIA Ampere architecture, which doubles down on ray tracing and AI performance with enhanced RT Cores, Tensor Cores, and new streaming multiprocessors. Combined with the next generation of design, cooling, and overclocking with EVGA Precision X1, the EVGA GeForce RTX 3090 Series redefines the definition of ultimate performance.","[""https:\/\/90a1c75758623581b3f8-5c119c3de181c9857fcb2784776b17ef.ssl.cf2.rackcdn.com\/628738_177923_01_front_zoom.jpg"",""https:\/\/90a1c75758623581b3f8-5c119c3de181c9857fcb2784776b17ef.ssl.cf2.rackcdn.com\/628738_177923_02_front_zoom.jpg"",""https:\/\/90a1c75758623581b3f8-5c119c3de181c9857fcb2784776b17ef.ssl.cf2.rackcdn.com\/628738_177923_03_front_zoom.jpg"",""https:\/\/90a1c75758623581b3f8-5c119c3de181c9857fcb2784776b17ef.ssl.cf2.rackcdn.com\/628738_177923_04_package_zoom.jpg""]",0
42,Laptop,"Scalability that gets smarter. Work faster with the world's smallest 15-inch mainstream business laptop","Dell Inspiron 15 5510","Dell Inspiron 15 5510 15.6"" Laptop Computer- Silver",Dell,999.99,Silver,"Intel Core i7 11th Gen 11390H 3.4GHz
NVIDIA GeForce MX450 2GB GDDR5
16GB DDR4-3200 RAM
512GB Solid State Drive
Microsoft Windows 11 Home
SD Card Reader
Intel Wi-Fi 6 2x2 (Gig+)+Bluetooth 5.1
15.6"" Full HD Anti-Glare LED-backlit Narrow Border WVA Touch Display","[""https:\/\/90a1c75758623581b3f8-5c119c3de181c9857fcb2784776b17ef.ssl.cf2.rackcdn.com\/641187_318881_01_front_zoom.jpg"",""https:\/\/90a1c75758623581b3f8-5c119c3de181c9857fcb2784776b17ef.ssl.cf2.rackcdn.com\/641187_318881_04_front_zoom.jpg"",""https:\/\/90a1c75758623581b3f8-5c119c3de181c9857fcb2784776b17ef.ssl.cf2.rackcdn.com\/641187_318881_05_front_zoom.jpg"",""https:\/\/90a1c75758623581b3f8-5c119c3de181c9857fcb2784776b17ef.ssl.cf2.rackcdn.com\/641187_318881_06_package_zoom.jpg""]",0
43,Monitors,"See your way to victory","LG  144Hz Gaming Monitor","LG Ultragear 27GL83A-B.AUS 27"" 2K WQHD (2560 x 1440) 144Hz Gaming Monitor",LG,279.99,Black,"FreeSync / G-Sync Compatible
HDMI DisplayPort
3-Sided Frameless
See your way to victory ","[""https:\/\/90a1c75758623581b3f8-5c119c3de181c9857fcb2784776b17ef.ssl.cf2.rackcdn.com\/634763_243444_01_front_zoom.jpg"",""https:\/\/90a1c75758623581b3f8-5c119c3de181c9857fcb2784776b17ef.ssl.cf2.rackcdn.com\/634763_243444_03_front_zoom.jpg"",""https:\/\/90a1c75758623581b3f8-5c119c3de181c9857fcb2784776b17ef.ssl.cf2.rackcdn.com\/634763_243444_05_front_zoom.jpg"",""https:\/\/90a1c75758623581b3f8-5c119c3de181c9857fcb2784776b17ef.ssl.cf2.rackcdn.com\/634763_243444_06_front_zoom.jpg""]",0
44,Computer_Cases,"some unknown company but the case looks pretty","Lian Li  ATX Mid-Tower Computer Case","Lian Li Lancool II MESH Type C RGB Tempered Glass ATX Mid-Tower Computer Case - Snow White","Lian Li",134.99,White,"LANCOOL II MESH RGB features a mesh front panel and mesh bottom left shroud panel, honeycomb vent design and built-in RGB fans, ensuring bountiful airflow delivered to your high-performance components while adorning the system with an RGB touch.","[""https:\/\/90a1c75758623581b3f8-5c119c3de181c9857fcb2784776b17ef.ssl.cf2.rackcdn.com\/642887_329706_01_front_zoom.jpg"",""https:\/\/90a1c75758623581b3f8-5c119c3de181c9857fcb2784776b17ef.ssl.cf2.rackcdn.com\/642887_329706_02_front_zoom.jpg"",""https:\/\/90a1c75758623581b3f8-5c119c3de181c9857fcb2784776b17ef.ssl.cf2.rackcdn.com\/642887_329706_05_front_zoom.jpg"",""https:\/\/90a1c75758623581b3f8-5c119c3de181c9857fcb2784776b17ef.ssl.cf2.rackcdn.com\/642887_329706_07_front_zoom.jpg""]",0
45,Laptop,"supercharged for pros","2021 Apple MacBook Pro","2021 Apple MacBook Pro (14-inch, Apple M1 Pro chip with 10‑core CPU and 16‑core GPU, 16GB RAM, 1TB SSD) - Space Gray",Apple,2400,grey,"Apple M1 Pro or M1 Max chip for a massive leap in CPU, GPU, and machine learning performance
Up to 10-core CPU delivers up to 3.7x faster performance to fly through pro workflows quicker than ever
Up to 32-core GPU with up to 13x faster performance for graphics-intensive apps and games
16-core Neural Engine for up to 11x faster machine learning performance
Longer battery life, up to 17 hours
Up to 64GB of unified memory so everything you do is fast and fluid
Up to 8TB of superfast SSD storage launches apps and opens files in an instant
Stunning 14-inch Liquid Retina XDR display with extreme dynamic range and contrast ratio
1080p FaceTime HD camera with advanced image signal processor for sharper video calls
Six-speaker sound system with force-cancelling woofers","[""https:\/\/m.media-amazon.com\/images\/I\/61vFO3R5UNL._AC_SL1500_.jpg"",""https:\/\/m.media-amazon.com\/images\/I\/71YhRQy50oL._AC_SL1500_.jpg"",""https:\/\/m.media-amazon.com\/images\/I\/61JqllsE+DL._AC_SL1500_.jpg"",""https:\/\/m.media-amazon.com\/images\/I\/81wxI2w9K9L._AC_SL1500_.jpg""]",0
46,Keyboard_and_Mouse,"Superior  in every way","Fiodio Mechanical Gaming Keyboard","Fiodio Mechanical Gaming Keyboard, Fantastic LED Rainbow Backlit Wired Keyboard, Full Anti-Ghosting Keys, with Quick-Response Blue Switches and Multimedia Control for PC and Desktop Computer",Fiodio,23.66,RGB,"Superior Blue Switches for Incredible Typing Feedback: The mechanical keyboard is designed with blue switches, which provides crisp key clicks and pleasant paragraph feeling.
Bright and Colorful Backlit Keyboard: The colorful rainbow Backlit can bring you into a great gaming keyboard atmosphere. There are permanent lighting and automatic breathing lighting modes for your options. You can also adjust the brightness of the backlight according to your preference.
Full 104-Key Anti-Ghosting for Smooth Gaming: 104-key rollover with anti-ghosting design ensures the most accuracy of your commands in any use case scenario, and will never miss a single key-press or confuse your commands under any conditions.","[""https:\/\/m.media-amazon.com\/images\/I\/71mzcD2N9iL._AC_SL1500_.jpg"",""https:\/\/m.media-amazon.com\/images\/I\/81ed05A7sFL._AC_SL1500_.jpg"",""https:\/\/m.media-amazon.com\/images\/I\/71BU5edh0oL._AC_SL1500_.jpg"",""https:\/\/m.media-amazon.com\/images\/I\/81YioXI9C2L._AC_SL1500_.jpg""]",0
47,Graphic_Cards,"the best alternative to greedy nvidia","AMD Radeon RX 6700 XT  Graphics Card","PowerColor AMD Radeon RX 6700 XT Fighter Dual-Fan 12GB GDDR6 PCIe 4.0 Graphics Card",AMD,429.99,Black,"Core Clock Speed :1280MHz
Boost Core Clock Speed:1620MHz
Video Memory: 6 GB
Memory Type: GDDR6
Memory Bus: 192-bit","[""https:\/\/90a1c75758623581b3f8-5c119c3de181c9857fcb2784776b17ef.ssl.cf2.rackcdn.com\/635137_247940_01_front_zoom.jpg"",""https:\/\/90a1c75758623581b3f8-5c119c3de181c9857fcb2784776b17ef.ssl.cf2.rackcdn.com\/635137_247940_02_front_zoom.jpg"",""https:\/\/90a1c75758623581b3f8-5c119c3de181c9857fcb2784776b17ef.ssl.cf2.rackcdn.com\/635137_247940_03_front_zoom.jpg"",""https:\/\/90a1c75758623581b3f8-5c119c3de181c9857fcb2784776b17ef.ssl.cf2.rackcdn.com\/635137_247940_04_package_zoom.jpg""]",0
48,Motherboards,"The best option whether you're a gamer, prosumer, and PC enthusiast.","MSI Z690 MPG ","MSI Z690 MPG Edge WiFi DDR4 Intel LGA 1700 ATX Motherboard",MSI,319.99,,"With years of experience, MSI is no stranger to building high-performance motherboards. Our R&D and engineering teams have reviewed countless designs, evaluated a wide selection of high quality components, and developed products for reliability even under extreme conditions. High performance MSI motherboards are loaded with advanced features and the latest technology to overwhelm any challenge at hand no matter whether you're a gamer, prosumer, and PC enthusiast.","[""https:\/\/90a1c75758623581b3f8-5c119c3de181c9857fcb2784776b17ef.ssl.cf2.rackcdn.com\/642646_335802_01_front_zoom.jpg"",""https:\/\/90a1c75758623581b3f8-5c119c3de181c9857fcb2784776b17ef.ssl.cf2.rackcdn.com\/642646_335802_04_front_zoom.jpg"",""https:\/\/90a1c75758623581b3f8-5c119c3de181c9857fcb2784776b17ef.ssl.cf2.rackcdn.com\/642646_335802_05_front_zoom.jpg"",""https:\/\/90a1c75758623581b3f8-5c119c3de181c9857fcb2784776b17ef.ssl.cf2.rackcdn.com\/642646_335802_06_package_zoom.jpg""]",0
49,Monitors,"the best performance of PC components",,"Gigabyte G34WQC  34"" 2K QHD (3440 x 1440) 144Hz UltraWide Screen Gaming Monitor",Gigabyte,1299.99,Black,"FreeSync
HDR
HDMI, DisplayPort
Flicker-Free
Blue Light Filter","[""https:\/\/90a1c75758623581b3f8-5c119c3de181c9857fcb2784776b17ef.ssl.cf2.rackcdn.com\/648307_389940_01_front_zoom.jpg"",""https:\/\/90a1c75758623581b3f8-5c119c3de181c9857fcb2784776b17ef.ssl.cf2.rackcdn.com\/648307_389940_02_front_zoom.jpg"",""https:\/\/90a1c75758623581b3f8-5c119c3de181c9857fcb2784776b17ef.ssl.cf2.rackcdn.com\/648307_389940_03_front_zoom.jpg"",""https:\/\/90a1c75758623581b3f8-5c119c3de181c9857fcb2784776b17ef.ssl.cf2.rackcdn.com\/648307_389940_04_front_zoom.jpg""]",0
50,Processors,"The ideal setup for streaming or media production","Intel Core i7-12700K","Intel Core i7-12700K Alder Lake 3.6GHz Twelve-Core LGA 1700 Boxed Processor - Heatsink Not Included",Intel,349.99,,"The 12th generation of Intel processors provides gamers with an ideal setup for streaming or media production, boasting industry-first PCIe 5.0 compatibility and notable DDR5 memory advancements. With speeds up to 4800 MT/s, DDR5 advancements also prove to be beneficial to memory bandwidth, as it too sees an increase in speed. The processor also features an integrated UHD Graphics 770 chip with 8K HDR support and the ability to view four simultaneous 4K displays. Using Gaussian & Neural Accelerator 3.0 (GNA) technology, noise suppression and background blurring are achieved more efficiently and effectively. A standout feature of this processor is the 12 cores unlocked for overclocking, which share 25MB of the L3 cache. The highest clock speed available for these processors is 5.0 GHz, while the base model sits at 3.6 GHz. Managed by the Intel Thread Director, the cores support the operating system to more intelligently channel workloads to the right core at the right time.","[""https:\/\/90a1c75758623581b3f8-5c119c3de181c9857fcb2784776b17ef.ssl.cf2.rackcdn.com\/641917_326652_01_front_zoom.jpg"",""https:\/\/90a1c75758623581b3f8-5c119c3de181c9857fcb2784776b17ef.ssl.cf2.rackcdn.com\/641917_326652_02_front_zoom.jpg"",""https:\/\/90a1c75758623581b3f8-5c119c3de181c9857fcb2784776b17ef.ssl.cf2.rackcdn.com\/641917_326652_03_front_zoom.jpg"",""https:\/\/90a1c75758623581b3f8-5c119c3de181c9857fcb2784776b17ef.ssl.cf2.rackcdn.com\/641917_326652_04_package_zoom.jpg""]",0
51,Graphic_Cards,"The liquid-cooled leviathan beast ","ASUS AMD Radeon RX 6900 XT","ASUS AMD Radeon RX 6900 XT ROG Strix LC Overclocked Hybrid Cooled 16GB GDDR6 PCIe 4.0 Graphics Card",AMD,1799.99,,"Deep in ASUS R&D labs, engineers theorized the optimal thermal solution for AMDs latest RDNA 2 Architecture. The beast that emerged is a liquid-cooled leviathan capable of drawing maximum performance out of the new chips, while remaining completely cool and quiet. Performance aficionados in search of the most ferocious RX 6900 XT card have found their game.","[""https:\/\/90a1c75758623581b3f8-5c119c3de181c9857fcb2784776b17ef.ssl.cf2.rackcdn.com\/638377_291849_01_front_zoom.jpg"",""https:\/\/90a1c75758623581b3f8-5c119c3de181c9857fcb2784776b17ef.ssl.cf2.rackcdn.com\/638377_291849_02_front_zoom.jpg"",""https:\/\/90a1c75758623581b3f8-5c119c3de181c9857fcb2784776b17ef.ssl.cf2.rackcdn.com\/638377_291849_03_front_zoom.jpg"",""https:\/\/90a1c75758623581b3f8-5c119c3de181c9857fcb2784776b17ef.ssl.cf2.rackcdn.com\/638377_291849_04_package_zoom.jpg""]",0
52,Monitors,"the speed you need","ASUS 75Hz LED Monitor","ASUS VP248QG 24"" Full HD (1920 x 1080) 75Hz LED Monitor",ASUS,159.99,Black,"FreeSync
HDMI DisplayPort
Blue Light Filter
Flicker-Free","[""https:\/\/90a1c75758623581b3f8-5c119c3de181c9857fcb2784776b17ef.ssl.cf2.rackcdn.com\/512419_217794_01_front_zoom.jpg"",""https:\/\/90a1c75758623581b3f8-5c119c3de181c9857fcb2784776b17ef.ssl.cf2.rackcdn.com\/512419_217794_02_front_zoom.jpg"",""https:\/\/90a1c75758623581b3f8-5c119c3de181c9857fcb2784776b17ef.ssl.cf2.rackcdn.com\/512419_217794_03_front_zoom.jpg"",""https:\/\/90a1c75758623581b3f8-5c119c3de181c9857fcb2784776b17ef.ssl.cf2.rackcdn.com\/512419_217794_04_front_zoom.jpg""]",0
53,SSDs,"the world's best selling SSD series","Samsung 870 EVO 1TB SSD","Samsung 870 EVO 1TB SSD 3-bit MLC V-NAND SATA III 6Gb/s 2.5"" Internal Solid State Drive",Samsung,109.99,,"870 EVO is Samsung's latest model of the world's best selling SSD series, with the latest V-NAND technology and the new MKX controller. 870 EVO proves why the EVO series has been the favorite choice among general users by showing the best in class performance, committed reliability and convenient usage with a variety of features.","[""https:\/\/90a1c75758623581b3f8-5c119c3de181c9857fcb2784776b17ef.ssl.cf2.rackcdn.com\/632085_216952_01_front_zoom.jpg"",""https:\/\/90a1c75758623581b3f8-5c119c3de181c9857fcb2784776b17ef.ssl.cf2.rackcdn.com\/632085_216952_03_front_zoom.jpg"",""https:\/\/90a1c75758623581b3f8-5c119c3de181c9857fcb2784776b17ef.ssl.cf2.rackcdn.com\/632085_216952_04_package_zoom.jpg"",""https:\/\/90a1c75758623581b3f8-5c119c3de181c9857fcb2784776b17ef.ssl.cf2.rackcdn.com\/632085_216952_05_package_zoom.jpg""]",0
54,Graphic_Cards,"This is where gaming meets class.","MSI Radeon RX 6600","MSI Radeon RX 6600 Armor Dual Fan 8GB GDDR6 PCIe 4.0 Graphics Car",AMD,389.99,,"Inspired by advanced armor shielding with a classy black & white finish. ARMOR graphics cards are perfect for gamers and case modders who are looking for something different. This is where gaming meets class.","[""https:\/\/90a1c75758623581b3f8-5c119c3de181c9857fcb2784776b17ef.ssl.cf2.rackcdn.com\/646433_370213_01_front_zoom.jpg"",""https:\/\/90a1c75758623581b3f8-5c119c3de181c9857fcb2784776b17ef.ssl.cf2.rackcdn.com\/646433_370213_02_front_zoom.jpg"",""https:\/\/90a1c75758623581b3f8-5c119c3de181c9857fcb2784776b17ef.ssl.cf2.rackcdn.com\/646433_370213_03_front_zoom.jpg"",""https:\/\/90a1c75758623581b3f8-5c119c3de181c9857fcb2784776b17ef.ssl.cf2.rackcdn.com\/646433_370213_04_package_zoom.jpg""]",0
55,Keyboard_and_Mouse,"Ultimate Gaming Performance.","Fiodio Rainbow Wired Gaming Computer Keyboard and Mouse","Fiodio Rainbow Wired Gaming Computer Keyboard and Mouse Combo, Ergonomic Keyboards with Wrist Rest, 104 Multimedia Keys, 1600 DPI Gamer Mouse for Windows PC and Desktop",Fiodio,17.96,RGB,"All-In-One Pc Gaming Value Set: The Set Includes A Backlit Computer Gaming Keyboard And A Backlit Gaming Mouse With 4 Buttons. Perfect Gear Set For Gamers.
Multi Media & Anti Ghosting Keyboard: Total 104 Keys, 26 Conflict Free. Keys Are Quiet, Designed For Longevity, Durability Delivering Precise Tactile Feedback. Comes With Full Numeric Keypad And A Gold-Plated Corrosion Free Usb Connector For A Reliable Connection And Ultimate Gaming Performance.","[""https:\/\/m.media-amazon.com\/images\/I\/71TLQjN3CjL._AC_SL1500_.jpg"",""https:\/\/m.media-amazon.com\/images\/I\/81dwyf8u28S._AC_SL1500_.jpg"",""https:\/\/m.media-amazon.com\/images\/I\/71ibxTegeEL._AC_SL1500_.jpg"",""https:\/\/m.media-amazon.com\/images\/I\/812GUCP3YxL._AC_SL1500_.jpg""]",0
56,SSDs,"Unleash the power","Samsung 980 Pro SSD 2TB","Samsung 980 Pro SSD 2TB M.2 NVMe Interface PCIe Gen 4x4 Internal Solid State Drive with V-NAND 3 bit MLC Technology (MZ-V8P2T0B/AM)",Samsung,289.99,,"Unleash the power of the Samsung 980 PRO PCIe 4.0 NVMe SSD for next-level computing. 980 PRO delivers 2x the data transfer rate of PCIe 3.0, while maintaining compatibility with PCIe 3.0. Get read speeds up to 7,000 MB/s with 980 PRO and push the limits of what SSDs can do. Powered by a new Elpsis controller designed to harmonize the flash memory components and the interface for superior speed - with a PCIe 4.0 interface thats 2x faster than PCIe 3.0 SSDs and 12x faster than Samsung SATA SSDs - every component of this NVMe SSD is manufactured by Samsung for performance that lasts.","[""https:\/\/90a1c75758623581b3f8-5c119c3de181c9857fcb2784776b17ef.ssl.cf2.rackcdn.com\/633342_229948_01_front_zoom.jpg"",""https:\/\/90a1c75758623581b3f8-5c119c3de181c9857fcb2784776b17ef.ssl.cf2.rackcdn.com\/633342_229948_02_front_zoom.jpg"",""https:\/\/90a1c75758623581b3f8-5c119c3de181c9857fcb2784776b17ef.ssl.cf2.rackcdn.com\/633342_229948_03_package_zoom.jpg"",""https:\/\/90a1c75758623581b3f8-5c119c3de181c9857fcb2784776b17ef.ssl.cf2.rackcdn.com\/633342_229948_03_package_zoom.jpg""]",0
57,Monitors,"You gotta love it it's LG","LG 34WP65C","LG 34WP65C B.AUS 34"" 2K WQHD (3440 x 1440) 160Hz Wide Curved Screen Monitor",LG,499.99,,"FreeSync
HDR
HDMI DisplayPort
3-Sided Frameless
Flicker-Free
34WP65C-B.AUS 34"" Curved UltraWide QHD HDR Monitor with 160Hz Refresh Rate 34 Curved UltraWide QHD (3440x1440) VA Display sRGB 99% Color Gamut with HDR 10 AMD FreeSync Premium and 160Hz Refresh Rate / 1ms MBR 7W Stereo Speaker with Waves MaxxAudio 3-Side Virtually Borderless Display Tilt/Height Adjustable Stand","[""https:\/\/90a1c75758623581b3f8-5c119c3de181c9857fcb2784776b17ef.ssl.cf2.rackcdn.com\/644811_354696_01_front_zoom.jpg"",""https:\/\/90a1c75758623581b3f8-5c119c3de181c9857fcb2784776b17ef.ssl.cf2.rackcdn.com\/644811_354696_03_front_zoom.jpg"",""https:\/\/90a1c75758623581b3f8-5c119c3de181c9857fcb2784776b17ef.ssl.cf2.rackcdn.com\/644811_354696_04_front_zoom.jpg"",""https:\/\/90a1c75758623581b3f8-5c119c3de181c9857fcb2784776b17ef.ssl.cf2.rackcdn.com\/644811_354696_05_front_zoom.jpg""]",0
58,Keyboard_and_Mouse,"you won't miss a target with this combo","Redragon S101","Redragon S101 Wired RGB Backlit Gaming Keyboard and Mouse, Gaming Mouse Pad, Gaming Headset Combo All in 1 PC Gamer Bundle for Windows PC – (Black)",Redragon,33.99,Black,"RGB Backlit Gaming Keyboard: with Wrist Support, 7 different RGB Lighting modes & effects, 4 backlight brightness levels, adjustable breathing speed, Ergonomic designed keyboard with 114 quiet keys, 25 keys without conflict, 10 Dedicated Multimedia keys plus 12 additional FN+ Multimedia keys, WIN key can be disabled for gaming. Non-slip, splash-proof, adjustable keyboard feet for the perfect tip angle, Wired 6ft high-speed USB cable
Red Backlit Gaming Mouse; Ergonomic Redragon Gaming Mouse 3200 DPI (user adjustable), 3600 FPS, 30G ACC super-fast game engine, 8-piece weight tuning set (2.4g x 8), long-lasting smooth Teflon pads. 6 buttons, 5 user programmable Buttons through Software. 6 ft high-speed USB cable with 3mm diameter high-strength braided fiber cable","[""https:\/\/m.media-amazon.com\/images\/I\/71EMEQKULsL._AC_SL1500_.jpg"",""https:\/\/m.media-amazon.com\/images\/I\/715IBlLgE9L._AC_SL1500_.jpg"",""https:\/\/m.media-amazon.com\/images\/I\/815iDjzcV4L._AC_SL1500_.jpg"",""https:\/\/m.media-amazon.com\/images\/I\/81EkoEvPEzL._AC_SL1500_.jpg""]",0
59,Keyboard_and_Mouse,"Your hand will thank for this","Fiodio Mechanical Gaming Keyboard","Fiodio Mechanical Gaming Keyboard, LED Rainbow Gaming Backlit, 104 Anti-ghosting Keys, Quick-Response Black Switches, Multimedia Control for PC and Desktop Computer, with Removable Hand Rest",Fiodio,46.11,RGB,"Black Switches - If you’re into fast-paced games such as first-person shooters, linear switches will give you an edge. There is no dome to compress or click to overcome, the keystroke is consistent and smooth that offers unmistakable feedback when pressed.
Gorgeous Full - Spectrum Backlit Design: This mechanical gaming keyboard features 3 DIY backlight modes and 19 fantastic backlight modes, streaming, racing, breathing and so on, bright lighting effects offer immersing gaming experience to you. The brightness and lighting speed of the keyboard is available to change, you can choose the effect as you like.","[""https:\/\/m.media-amazon.com\/images\/I\/71pPm31LFkS._AC_SL1500_.jpg"",""https:\/\/m.media-amazon.com\/images\/I\/61sfdDP4pQS._AC_SL1000_.jpg"",""https:\/\/m.media-amazon.com\/images\/I\/71apprWw1cS._AC_SL1000_.jpg"",""https:\/\/m.media-amazon.com\/images\/I\/61eoIJBBewS._AC_SL1000_.jpg""]",0